id,Name,Address,Payment,Due
1,Romy Wintersgill,61717 Oak Terrace,Paid,0
2,Lynnea Friedenbach,144 Old Gate Hill,Paid,0
3,Anica Catherall,1774 Almo Court,Paid,0
4,Maxwell Brellin,65 Arapahoe Junction,not Paid,56
5,Selig Killingbeck,63 Aberg Crossing,not Paid,89
6,Torrance Rylands,40878 Stone Corner Circle,Paid ,0
7,Andi M'Chirrie,1 Columbus Crossing,Paid,0
8,Kienan Mountlow,3201 Armistice Plaza,not Paid,78
9,Randolf Lanchberry,7339 Sloan Point,Paid,0
10,Theo McCorley,8 Moulton Park,Paid ,0
11,Margaretta Thombleson,222 Arkansas Trail,not Paid,88
12,Shamus Shortt,3 Meadow Valley Trail,Paid,0
13,Norah Mattia,8333 Annamark Road,Paid,0
14,Addie Syer,6886 Milwaukee Plaza,Paid,0
15,Lothaire Ferries,2 Kings Street,not Paid,56
16,Cleo Metson,7 Delladonna Terrace,not Paid,89
17,Guglielmo Drowsfield,00 Fulton Center,Paid ,0
18,Orran Lambirth,612 Stuart Parkway,Paid,0
19,Amanda Selesnick,9 Mesta Hill,not Paid,78
20,Rodrick Axelby,2 4th Alley,Paid,0
21,Maximilianus Crankhorn,7 Kingsford Street,Paid ,0
22,Rea Morando,7995 Dorton Street,not Paid,88
23,Angel Pieracci,43977 Melby Point,Paid,0
24,Howey Wedge,9962 Debra Avenue,Paid,0
25,Tricia Annets,81710 Cordelia Avenue,Paid,0
26,Reeba Penkethman,00713 Memorial Junction,not Paid,56
27,Reece Bentall,6 Calypso Point,not Paid,89
28,Darryl Rebbeck,8107 Arizona Street,Paid ,0
29,Erika Gorioli,9 Meadow Ridge Pass,Paid,0
30,Niccolo Mc Kellen,38959 Tomscot Circle,not Paid,78
31,Antonina Walcar,2248 Pleasure Circle,Paid,0
32,Bar Kapelhof,947 Del Mar Alley,Paid ,0
33,Cheslie Iacopini,15156 Linden Alley,not Paid,88
34,Wald Schwandner,3755 Mallard Street,Paid,0
35,Marquita Schuchmacher,75953 Katie Point,Paid,0
36,Sophia Noye,36 Transport Parkway,Paid,0
37,Olly Sawell,686 Oriole Junction,not Paid,56
38,Kaela Fontin,90188 Delladonna Terrace,not Paid,89
39,Caldwell Allward,6 Almo Alley,Paid ,0
40,Chryste Beahan,27 Meadow Ridge Trail,Paid,0
41,Rici McKenzie,56913 Melody Road,not Paid,78
42,Rea Blanche,4829 Eliot Lane,Paid,0
43,Lil Westcar,39067 Comanche Crossing,Paid ,0
44,Sibyl Scotson,15 Gulseth Trail,not Paid,88
45,Sashenka Postlewhite,091 Caliangt Court,Paid,0
46,Corrine Campana,3480 Fisk Trail,Paid,0
47,Joana Jonk,6 Jackson Parkway,Paid,0
48,Elysia Jaqueme,4661 Anderson Terrace,not Paid,56
49,Pietrek Dangl,6693 Meadow Vale Way,not Paid,89
50,Josi Skilbeck,7438 Golden Leaf Terrace,Paid ,0
51,Elli Howels,6858 Bluestem Alley,Paid,0
52,Hope Stansall,94996 Dakota Avenue,not Paid,78
53,Leon Burgan,1 Dryden Avenue,Paid,0
54,Aurore Swain,045 Monterey Lane,Paid ,0
55,Lindsy Snowsill,3521 Graedel Avenue,not Paid,88
56,Grace Cure,4 John Wall Place,Paid,0
57,Shaylyn Losty,7912 Nancy Trail,Paid,0
58,Candace Laurenson,205 Arapahoe Pass,Paid,0
59,Constantia Canfield,74 Mesta Crossing,not Paid,56
60,Susi Laydel,5870 Myrtle Alley,not Paid,89
61,Bealle Whaley,29092 Randy Trail,Paid ,0
62,Kath Plessing,9338 Sunbrook Way,Paid,0
63,Lynne Mc Meekin,51721 Johnson Center,not Paid,78
64,Catlee Houldcroft,63 Hoard Place,Paid,0
65,Aland Pessolt,5 Sherman Drive,Paid ,0
66,Anett Drever,97 Oakridge Lane,not Paid,88
67,Jakob Godbehere,6 Harbort Park,Paid,0
68,Ailyn McDermot,734 Butterfield Court,Paid,0
69,Timothee Sketh,6003 Cordelia Circle,Paid,0
70,Griffin Astall,2 Troy Junction,not Paid,56
71,Ric Speck,9 Fairview Terrace,not Paid,89
72,Hedi Pryor,9814 Sachtjen Place,Paid ,0
73,Neville Kinsett,11453 Elgar Way,Paid,0
74,Winifred Slane,7429 Emmet Lane,not Paid,78
75,Farlie Langer,119 Carpenter Hill,Paid,0
76,Dolph Ferrand,3434 Park Meadow Avenue,Paid ,0
77,Locke Drife,64154 North Way,not Paid,88
78,Xever Garling,160 Darwin Road,Paid,0
79,Gael Jenman,90 Carey Drive,Paid,0
80,Morly Thor,10 Moose Way,Paid,0
81,Darcy Bottini,264 Montana Avenue,not Paid,56
82,Kelsy Dumbare,2 Fairfield Way,not Paid,89
83,Jaquenetta Flinders,3 Northview Terrace,Paid ,0
84,Fifine Melsom,47 Harper Hill,Paid,0
85,Susy Slane,1393 Oak Valley Lane,not Paid,78
86,Marji Sothern,04449 Stone Corner Street,Paid,0
87,Ulrick St. Clair,027 Duke Junction,Paid ,0
88,Bethina Kalf,6806 Golf Alley,not Paid,88
89,Nalani Djurkovic,34 Raven Crossing,Paid,0
90,Sib Simonel,90 Bonner Hill,Paid,0
91,Deedee Haxbie,65 Browning Plaza,Paid,0
92,Brandy Attew,3 Everett Lane,not Paid,56
93,Meris Oguz,7956 Toban Street,not Paid,89
94,Tommy Astridge,707 Forest Hill,Paid ,0
95,Lilla Edbrooke,50072 Armistice Avenue,Paid,0
96,Vito Boncore,8 Chive Place,not Paid,78
97,Dallis Lindores,3 Buena Vista Trail,Paid,0
98,Paolina Dayes,7174 Mallard Parkway,Paid ,0
99,Brodie Hevner,95761 Green Ridge Junction,not Paid,88
